﻿pos_x,pos_y,rotation,side,designator,mpn,pack,footprint,value,mount_type
109.75,-63.48,180.0,top,C1,,,C_0603_1608Metric_Pad1.08x0.95mm_HandSolder,0.1u,smt
135.3675,-85.75,180.0,top,C10,,,C_0603_1608Metric_Pad1.08x0.95mm_HandSolder,0.1u,smt
144.0925,-88.0,0.0,top,C11,,,C_0603_1608Metric_Pad1.08x0.95mm_HandSolder,0.1u,smt
144.0877,-86.4894,0.0,top,C12,,,C_0603_1608Metric_Pad1.08x0.95mm_HandSolder,0.1u,smt
144.0925,-85.0,0.0,top,C13,,,C_0603_1608Metric_Pad1.08x0.95mm_HandSolder,0.1u,smt
173.7625,-94.5,0.0,top,C14,,,C_0603_1608Metric_Pad1.08x0.95mm_HandSolder,0.1u,smt
172.65,-83.3625,90.0,top,C15,,,C_0603_1608Metric_Pad1.08x0.95mm_HandSolder,2.7n,smt
166.7875,-85.75,180.0,top,C16,,,C_0603_1608Metric_Pad1.08x0.95mm_HandSolder,0.1u,smt
175.5125,-88.0,0.0,top,C17,,,C_0603_1608Metric_Pad1.08x0.95mm_HandSolder,0.1u,smt
175.5077,-86.4894,0.0,top,C18,,,C_0603_1608Metric_Pad1.08x0.95mm_HandSolder,0.1u,smt
175.5125,-85.0,0.0,top,C19,,,C_0603_1608Metric_Pad1.08x0.95mm_HandSolder,0.1u,smt
109.75,-71.1075,180.0,top,C2,,,C_0603_1608Metric_Pad1.08x0.95mm_HandSolder,0.1u,smt
114.81,-32.25,0.0,top,C3,,,C_0603_1608Metric_Pad1.08x0.95mm_HandSolder,0.1u,smt
146.7141,-131.25,90.0,top,C4,,,C_0603_1608Metric_Pad1.08x0.95mm_HandSolder,0.1u,smt
145.25,-131.25,-90.0,top,C5,,,C_0603_1608Metric_Pad1.08x0.95mm_HandSolder,10u,smt
142.9,-118.8875,-90.0,top,C6,,,C_0603_1608Metric_Pad1.08x0.95mm_HandSolder,0.1u,smt
144.4,-118.8875,90.0,top,C7,,,C_0603_1608Metric_Pad1.08x0.95mm_HandSolder,10u,smt
142.3425,-94.5,0.0,top,C8,,,C_0603_1608Metric_Pad1.08x0.95mm_HandSolder,0.1u,smt
141.23,-83.3625,90.0,top,C9,,,C_0603_1608Metric_Pad1.08x0.95mm_HandSolder,2.7n,smt
141.0,-132.25,-90.0,top,D1,SS14,,D_SOD-123,SS14,smt
148.5,-139.3125,90.0,top,D2,LTST-C170KFKT,,LED_0805_2012Metric,LTST-C170CKT,smt
110.0,-112.6625,90.0,top,J1,,,TerminalBlock_RND_205-00001_1x02_P5.00mm_Horizontal,9V_CONN,tht
127.85,-127.0,0.0,top,J2,,None,LINX_CONBNC001,CONBNC001,tht
159.35,-127.25,0.0,top,J3,,None,LINX_CONBNC001,CONBNC001,tht
109.75,-81.23,0.0,top,R1,,,R_0603_1608Metric_Pad0.98x0.95mm_HandSolder,100,smt
172.48,-103.9283,-90.0,top,R10,,,R_0603_1608Metric_Pad0.98x0.95mm_HandSolder,1k,smt
170.73,-103.9525,-90.0,top,R11,,,R_0603_1608Metric_Pad0.98x0.95mm_HandSolder,1k,smt
174.23,-103.9125,-90.0,top,R12,,,R_0603_1608Metric_Pad0.98x0.95mm_HandSolder,1k,smt
175.98,-103.9125,-90.0,top,R13,,,R_0603_1608Metric_Pad0.98x0.95mm_HandSolder,1k,smt
168.98,-103.9525,-90.0,top,R14,,,R_0603_1608Metric_Pad0.98x0.95mm_HandSolder,1k,smt
167.23,-103.9525,90.0,top,R15,,,R_0603_1608Metric_Pad0.98x0.95mm_HandSolder,1k,smt
166.15,-93.4125,90.0,top,R16,,,R_0603_1608Metric_Pad0.98x0.95mm_HandSolder,117,smt
150.5,-139.1625,-90.0,top,R2,,,R_0603_1608Metric_Pad0.98x0.95mm_HandSolder,560,smt
140.75,-103.9936,-90.0,top,R3,,,R_0603_1608Metric_Pad0.98x0.95mm_HandSolder,1k,smt
139.0,-103.98,-90.0,top,R4,,,R_0603_1608Metric_Pad0.98x0.95mm_HandSolder,1k,smt
142.48,-103.9778,-90.0,top,R5,,,R_0603_1608Metric_Pad0.98x0.95mm_HandSolder,1k,smt
144.23,-103.9778,-90.0,top,R6,,,R_0603_1608Metric_Pad0.98x0.95mm_HandSolder,1k,smt
137.25,-103.98,-90.0,top,R7,,,R_0603_1608Metric_Pad0.98x0.95mm_HandSolder,1k,smt
135.5,-103.98,90.0,top,R8,,,R_0603_1608Metric_Pad0.98x0.95mm_HandSolder,1k,smt
134.73,-93.4125,90.0,top,R9,,,R_0603_1608Metric_Pad0.98x0.95mm_HandSolder,117,smt
141.0,-139.25,180.0,top,S1,,None,SW_JS202011SCQN,JS202011SCQN,smt
127.75,-98.75,90.0,top,S2,,None,SW_KMR731NGLFS,KMR731NGLFS,smt
159.25,-71.25,90.0,top,S3,,None,SW_KMR731NGLFS,KMR731NGLFS,smt
159.29,-98.75,90.0,top,S4,,None,SW_KMR731NGLFS,KMR731NGLFS,smt
144.06,-44.95,-90.0,top,U1,,None,MODULE_ESP32-DEVKITC-32D,ESP32-DEVKITC-32D,tht
106.25,-63.48,0.0,top,U2,,,PinHeader_1x14_P2.54mm_Vertical,ILI9341-320x240-TFT-Touch,tht
143.7,-125.1,90.0,top,U3,,,SOT-223-3_TabPin2,NCP1117-5.0_SOT223,smt
138.475,-95.55,0.0,top,U4,,,SOT95P280X145-5N,OPA192IDBVR,smt
139.755,-87.7,0.0,top,U5,,,LFCSP-16-1EP_4x4mm_P0.65mm_EP2.6x2.6mm,ADS7279IPW,smt
169.895,-95.55,0.0,top,U6,,,SOT95P280X145-5N,OPA192IDBVR,smt
171.175,-87.7,0.0,top,U7,,,LFCSP-16-1EP_4x4mm_P0.65mm_EP2.6x2.6mm,ADS7279IPW,smt
127.75,-88.0,0.0,top,VR1,,3362P-1 Bourns Inc.,TRIM_3362P-1-103LF,3362P-1-103LF,tht
127.71,-110.75,0.0,top,VR2,,3362P-1 Bourns Inc.,TRIM_3362P-1-103LF,3362P-1-103LF,tht
127.75,-71.25,0.0,top,VR3,,3362P-1 Bourns Inc.,TRIM_3362P-1-103LF,3362P-1-103LF,tht
143.75,-71.25,0.0,top,VR4,,3362P-1 Bourns Inc.,TRIM_3362P-1-103LF,3362P-1-103LF,tht
159.29,-88.0,0.0,top,VR5,,3362P-1 Bourns Inc.,TRIM_3362P-1-103LF,3362P-1-103LF,tht
159.25,-110.75,0.0,top,VR6,,3362P-1 Bourns Inc.,TRIM_3362P-1-103LF,3362P-1-103LF,tht
