﻿Designator,Quantity,Value,Footprint,Package,MPN,DNP,Mount_Type,Description,Digi-Key_PN,Category,Family,DK_Datasheet_Link,DK_Detail_Page,Description_1,Manufacturer,Status,SnapEDA_Link,Check_prices,Price,MF,MP,Purchase-URL,Availability,MAXIMUM_PACKAGE_HEIGHT,STANDARD,PARTREV,MANUFACTURER,SNAPEDA_PN
"C1, C10, C11, C12, C13, C14, C16, C17, C18, C19, C2, C3, C4, C6, C8",15,0.1u,C_0603_1608Metric_Pad1.08x0.95mm_HandSolder,,,,smt,Unpolarized capacitor,,,,,,,,,,,,,,,,,,,,
"C15, C9",2,2.7n,C_0603_1608Metric_Pad1.08x0.95mm_HandSolder,,,,smt,Unpolarized capacitor,,,,,,,,,,,,,,,,,,,,
"C5, C7",2,10u,C_0603_1608Metric_Pad1.08x0.95mm_HandSolder,,,,smt,Unpolarized capacitor,,,,,,,,,,,,,,,,,,,,
D1,1,SS14,D_SOD-123,,SS14,,smt,DIODE SCHOTTKY 40V 1A SMA,SS14CT-ND,Discrete Semiconductor Products,Diodes - Rectifiers - Single,https://www.onsemi.com/pub/Collateral/SS19-D.PDF,/product-detail/en/on-semiconductor/SS14/SS14CT-ND/965729,DIODE SCHOTTKY 40V 1A SMA,ON Semiconductor,Active,,,,,,,,,,,,
D2,1,LTST-C170CKT,LED_0805_2012Metric,,LTST-C170KFKT,,smt,LED RED CLEAR SMD,160-1184-1-ND,Optoelectronics,LED Indication - Discrete,https://media.digikey.com/pdf/Data%20Sheets/Lite-On%20PDFs/LTST-C170CKT.pdf,/product-detail/en/lite-on-inc/LTST-C170CKT/160-1413-1-ND/386774,LED RED CLEAR SMD,Lite-On Inc.,Active,,,,,,,,,,,,
J1,1,9V_CONN,TerminalBlock_RND_205-00001_1x02_P5.00mm_Horizontal,,,,tht,"PP3 connector for 9V batteries, single row, 01x02",,,,,,,,,,,,,,,,,,,,
"J2, J3",2,CONBNC001,LINX_CONBNC001,None,,,tht,,,,,,,"
                        
                            BNC Jack 50 Ohm PCB Through Hole
                        
",,,https://www.snapeda.com/parts/CONBNC001/TE+Connectivity/view-part/?ref=snap,https://www.snapeda.com/parts/CONBNC001/TE+Connectivity/view-part/?ref=eda,None,TE Connectivity,CONBNC001,https://www.snapeda.com/api/url_track_click_mouser/?unipart_id=12122496&manufacturer=Linx Technologies Inc.&part_name=CONBNC001&search_term=None,In Stock,,,,,
R1,1,100,R_0603_1608Metric_Pad0.98x0.95mm_HandSolder,,,,smt,Resistor,,,,,,,,,,,,,,,,,,,,
"R10, R11, R12, R13, R14, R15, R3, R4, R5, R6, R7, R8",12,1k,R_0603_1608Metric_Pad0.98x0.95mm_HandSolder,,,,smt,Resistor,,,,,,,,,,,,,,,,,,,,
"R16, R9",2,117,R_0603_1608Metric_Pad0.98x0.95mm_HandSolder,,,,smt,Resistor,,,,,,,,,,,,,,,,,,,,
R2,1,560,R_0603_1608Metric_Pad0.98x0.95mm_HandSolder,,,,smt,Resistor,,,,,,,,,,,,,,,,,,,,
S1,1,JS202011SCQN,SW_JS202011SCQN,None,,,smt,,,,,,,"
                        
                            Surface Mount Slide Switch Double Pole Double Throw (DPDT) Latching 300 mA Slide
                        
",,,https://www.snapeda.com/parts/JS202011SCQN/C/view-part/?ref=snap,https://www.snapeda.com/parts/JS202011SCQN/C/view-part/?ref=eda,None,C & K,JS202011SCQN,,In Stock,5.5 mm,Manufacturer Recommendations,26 May 22,C&K,JS202011SCQN
"S2, S3, S4",3,KMR731NGLFS,SW_KMR731NGLFS,None,,,smt,,,,,,,"
                        
                            Tactile Switch SPST-NO Top Actuated Surface Mount
                        
",,,https://www.snapeda.com/parts/KMR731NGLFS/C%2526K/view-part/?ref=snap,https://www.snapeda.com/parts/KMR731NGLFS/C%2526K/view-part/?ref=eda,None,C&K,KMR731NGLFS,,In Stock,2.5 mm,Manufacturer Recommendations,N/A,C&K,
U2,1,ILI9341-320x240-TFT-Touch,PinHeader_1x14_P2.54mm_Vertical,,,,tht,"ILI9341 controller, SPI color touchscreen LCD (320x240), 9-pin breakout PCB for Teensy boards, 4-pin SD card interface (optional modification required), compatible with 5V and 3.3V power supplies.",,,,,,,,,,,,,,,,,,,,
U3,1,NCP1117-5.0_SOT223,SOT-223-3_TabPin2,,,,smt,"1A Low drop-out regulator, Fixed Output 5V, SOT-223",,,,,,,,,,,,,,,,,,,,
"U4, U6",2,OPA192IDBVR,SOT95P280X145-5N,,,,smt,,,,,,,,,,,,,,,,,,,,,
"U5, U7",2,ADS7279IPW,LFCSP-16-1EP_4x4mm_P0.65mm_EP2.6x2.6mm,,,,smt,14 Bit Analog to Digital Converter 1 Input 1 SAR,,,,,,,,,,,,,,,,,,,,
"VR1, VR2, VR3, VR4, VR5, VR6",6,3362P-1-103LF,TRIM_3362P-1-103LF,3362P-1 Bourns Inc.,,,tht,,,,,,,"
                        
                            Trimmer, Cermet, Rest 10 Kilohms, PCB, 1 Turns, Pwr-Rtg 0.5 W, Tol 10% | Bourns 3362P-1-103LF
                        
",,,https://www.snapeda.com/parts/3362P-1-103LF/Bourns/view-part/?ref=snap,https://www.snapeda.com/parts/3362P-1-103LF/Bourns/view-part/?ref=eda,None,Bourns,3362P-1-103LF,,In Stock,,Manufacturer Recommendation,08/26/10,,
